<?xml version="1.0" encoding="utf-8"?>
<?xml-stylesheet type='text/xsl' href='ConversionLogFile.xsl'?>
<LogFile projectName="N17-3161_V15_V15.1" typeText="Type" messageText="Message" timeText="Time">
  <MessageCell ServiceId="80" MessageId="30" MessageClass="Information" Timestamp="4/29/2020 8:22:01 AM">
    <Number ServiceNumber="80" MessageNumber="30" />
    <Text FeedbackText="Upgrade started" />
    <Help HelpId="-1" />
  </MessageCell>
  <Details ServiceId="80" MessageId="30" Timestamp="4/29/2020 8:22:03 AM" Debug="false">
    <Text>Reorganization succeed!</Text>
  </Details>
  <MessageCell ServiceId="80" MessageId="30" MessageClass="Information" Timestamp="4/29/2020 8:22:03 AM">
    <Number ServiceNumber="80" MessageNumber="30" />
    <Text FeedbackText="CheckRepair lost+found objects" />
    <Help HelpId="-1" />
  </MessageCell>
  <Details ServiceId="80" MessageId="30" Timestamp="4/29/2020 8:22:03 AM" Debug="false">
    <Text>No error is detected.</Text>
  </Details>
  <MessageCell ServiceId="80" MessageId="30" MessageClass="Information" Timestamp="4/29/2020 8:22:05 AM">
    <Number ServiceNumber="80" MessageNumber="30" />
    <Text FeedbackText="CheckRepair missing bidirectional links" />
    <Help HelpId="-1" />
  </MessageCell>
  <Details ServiceId="80" MessageId="30" Timestamp="4/29/2020 8:22:05 AM" Debug="false">
    <Text>No error is detected.</Text>
  </Details>
  <Details ServiceId="80" MessageId="30" Timestamp="4/29/2020 8:22:19 AM" Debug="false">
    <Text>HmiConvert: Started conversion section.</Text>
  </Details>
  <Details ServiceId="80" MessageId="30" Timestamp="4/29/2020 8:22:19 AM" Debug="false">
    <Text>HmiConvert: Starting conversion step &lt;Siemens.Simatic.Hmi.Device.DeviceManagers.Scan:Siemens.Simatic.Hmi.Utah.Device.Upgrade.DeviceConverter.ConvertHmiDeviceToV15_1&gt;.</Text>
  </Details>
  <Details ServiceId="80" MessageId="30" Timestamp="4/29/2020 8:22:19 AM" Debug="false">
    <Text>HmiConvert: Finished conversion step &lt;Siemens.Simatic.Hmi.Device.DeviceManagers.Scan:Siemens.Simatic.Hmi.Utah.Device.Upgrade.DeviceConverter.ConvertHmiDeviceToV15_1&gt;.</Text>
  </Details>
  <Details ServiceId="80" MessageId="30" Timestamp="4/29/2020 8:22:19 AM" Debug="false">
    <Text>HmiConvert: Starting conversion step &lt;Siemens.Simatic.Hmi.Globalization.Managers.Scan:Siemens.Simatic.Hmi.Utah.Globalization.CommentCategoryRepairer.RepairCommentCategoryLinks&gt;.</Text>
  </Details>
  <Details ServiceId="80" MessageId="30" Timestamp="4/29/2020 8:22:19 AM" Debug="false">
    <Text>HmiConvert: Finished conversion step &lt;Siemens.Simatic.Hmi.Globalization.Managers.Scan:Siemens.Simatic.Hmi.Utah.Globalization.CommentCategoryRepairer.RepairCommentCategoryLinks&gt;.</Text>
  </Details>
  <Details ServiceId="80" MessageId="30" Timestamp="4/29/2020 8:22:19 AM" Debug="false">
    <Text>HmiConvert: Starting conversion step &lt;Siemens.Simatic.Hmi.GraphX.GraphXManagers.Scan:Siemens.Simatic.Hmi.Utah.GraphX.PhaseConverter.RepairPointsCollectionOfScreenItems&gt;.</Text>
  </Details>
  <Details ServiceId="80" MessageId="30" Timestamp="4/29/2020 8:22:19 AM" Debug="false">
    <Text>HmiConvert: Finished conversion step &lt;Siemens.Simatic.Hmi.GraphX.GraphXManagers.Scan:Siemens.Simatic.Hmi.Utah.GraphX.PhaseConverter.RepairPointsCollectionOfScreenItems&gt;.</Text>
  </Details>
  <Details ServiceId="80" MessageId="30" Timestamp="4/29/2020 8:22:19 AM" Debug="false">
    <Text>HmiConvert: Starting conversion step &lt;Siemens.Simatic.Hmi.GraphX.GraphXManagers.Scan:Siemens.Simatic.Hmi.Utah.GraphX.PhaseConverter.RemoveInvisibleSoftkeysConverter&gt;.</Text>
  </Details>
  <Details ServiceId="80" MessageId="30" Timestamp="4/29/2020 8:22:20 AM" Debug="false">
    <Text>HmiConvert: Finished conversion step &lt;Siemens.Simatic.Hmi.GraphX.GraphXManagers.Scan:Siemens.Simatic.Hmi.Utah.GraphX.PhaseConverter.RemoveInvisibleSoftkeysConverter&gt;.</Text>
  </Details>
  <Details ServiceId="80" MessageId="30" Timestamp="4/29/2020 8:22:20 AM" Debug="false">
    <Text>HmiConvert: Starting conversion step &lt;Siemens.Simatic.Hmi.GraphX.GraphXManagers.Scan:Siemens.Simatic.Hmi.Utah.GraphX.PhaseConverter.RemoveDuplicateSoftKeysConverter&gt;.</Text>
  </Details>
  <Details ServiceId="80" MessageId="30" Timestamp="4/29/2020 8:22:20 AM" Debug="false">
    <Text>HmiConvert: Finished conversion step &lt;Siemens.Simatic.Hmi.GraphX.GraphXManagers.Scan:Siemens.Simatic.Hmi.Utah.GraphX.PhaseConverter.RemoveDuplicateSoftKeysConverter&gt;.</Text>
  </Details>
  <Details ServiceId="80" MessageId="30" Timestamp="4/29/2020 8:22:20 AM" Debug="false">
    <Text>HmiConvert: Starting conversion step &lt;Siemens.Simatic.Hmi.BL.Scripting.Scan:Siemens.Simatic.Hmi.BL.Scripting.Migrations.ModuleConverter.ModuleRepair&gt;.</Text>
  </Details>
  <Details ServiceId="80" MessageId="30" Timestamp="4/29/2020 8:22:20 AM" Debug="false">
    <Text>HmiConvert: Finished conversion step &lt;Siemens.Simatic.Hmi.BL.Scripting.Scan:Siemens.Simatic.Hmi.BL.Scripting.Migrations.ModuleConverter.ModuleRepair&gt;.</Text>
  </Details>
  <Details ServiceId="80" MessageId="30" Timestamp="4/29/2020 8:22:20 AM" Debug="false">
    <Text>HmiConvert: Starting conversion step &lt;Siemens.Simatic.Hmi.Recipe.Managers.Scan:Siemens.Simatic.Hmi.Utah.Recipe.RecipeConverter.ConvertRecipe&gt;.</Text>
  </Details>
  <Details ServiceId="80" MessageId="30" Timestamp="4/29/2020 8:22:20 AM" Debug="false">
    <Text>HmiConvert: Finished conversion step &lt;Siemens.Simatic.Hmi.Recipe.Managers.Scan:Siemens.Simatic.Hmi.Utah.Recipe.RecipeConverter.ConvertRecipe&gt;.</Text>
  </Details>
  <Details ServiceId="80" MessageId="30" Timestamp="4/29/2020 8:22:20 AM" Debug="false">
    <Text>HmiConvert: Starting conversion step &lt;Siemens.Simatic.Hmi.GraphX.Controls.Managers.Scan:Siemens.Simatic.Hmi.Utah.GraphX.Controls.ProDiagPhaseConverter.AddToolbarButtons&gt;.</Text>
  </Details>
  <Details ServiceId="80" MessageId="30" Timestamp="4/29/2020 8:22:20 AM" Debug="false">
    <Text>HmiConvert: Finished conversion step &lt;Siemens.Simatic.Hmi.GraphX.Controls.Managers.Scan:Siemens.Simatic.Hmi.Utah.GraphX.Controls.ProDiagPhaseConverter.AddToolbarButtons&gt;.</Text>
  </Details>
  <Details ServiceId="80" MessageId="30" Timestamp="4/29/2020 8:22:20 AM" Debug="false">
    <Text>HmiConvert: Starting conversion step &lt;Siemens.Simatic.Hmi.GraphX.Controls.Managers.Scan:Siemens.Simatic.Hmi.Utah.GraphX.Controls.ProDiagPhaseConverter.RepairToolbarButtons&gt;.</Text>
  </Details>
  <Details ServiceId="80" MessageId="30" Timestamp="4/29/2020 8:22:20 AM" Debug="false">
    <Text>HmiConvert: Finished conversion step &lt;Siemens.Simatic.Hmi.GraphX.Controls.Managers.Scan:Siemens.Simatic.Hmi.Utah.GraphX.Controls.ProDiagPhaseConverter.RepairToolbarButtons&gt;.</Text>
  </Details>
  <Details ServiceId="80" MessageId="30" Timestamp="4/29/2020 8:22:20 AM" Debug="false">
    <Text>HmiConvert: Starting conversion step &lt;Siemens.Simatic.Hmi.BL.ModernUI:Siemens.Simatic.Hmi.BL.ModernUI.Convert.ScreenItemPhaseConverter.AdaptModel&gt;.</Text>
  </Details>
  <Details ServiceId="80" MessageId="30" Timestamp="4/29/2020 8:22:20 AM" Debug="false">
    <Text>HmiConvert: Finished conversion step &lt;Siemens.Simatic.Hmi.BL.ModernUI:Siemens.Simatic.Hmi.BL.ModernUI.Convert.ScreenItemPhaseConverter.AdaptModel&gt;.</Text>
  </Details>
  <Details ServiceId="80" MessageId="30" Timestamp="4/29/2020 8:22:20 AM" Debug="false">
    <Text>HmiConvert: Starting conversion step &lt;Siemens.Simatic.Hmi.Styles.Managers.Scan:Siemens.Simatic.Hmi.Utah.Styles.HmiStyleConverter.ConvertHmiStyleFromV15ToV151&gt;.</Text>
  </Details>
  <Details ServiceId="80" MessageId="30" Timestamp="4/29/2020 8:22:20 AM" Debug="false">
    <Text>HmiConvert: Finished conversion step &lt;Siemens.Simatic.Hmi.Styles.Managers.Scan:Siemens.Simatic.Hmi.Utah.Styles.HmiStyleConverter.ConvertHmiStyleFromV15ToV151&gt;.</Text>
  </Details>
  <Details ServiceId="80" MessageId="30" Timestamp="4/29/2020 8:22:20 AM" Debug="false">
    <Text>HmiConvert: Starting conversion step &lt;Siemens.Simatic.Hmi.Globalization.Managers.Scan:Siemens.Simatic.Hmi.Utah.Globalization.ImageConvert.RepairCrossEnvironmentLinks&gt;.</Text>
  </Details>
  <Details ServiceId="80" MessageId="30" Timestamp="4/29/2020 8:22:20 AM" Debug="false">
    <Text>HmiConvert: Finished conversion step &lt;Siemens.Simatic.Hmi.Globalization.Managers.Scan:Siemens.Simatic.Hmi.Utah.Globalization.ImageConvert.RepairCrossEnvironmentLinks&gt;.</Text>
  </Details>
  <Details ServiceId="80" MessageId="30" Timestamp="4/29/2020 8:22:20 AM" Debug="false">
    <Text>HmiConvert: Starting conversion step &lt;Siemens.Simatic.Hmi.Logging.Managers.Scan:Siemens.Simatic.Hmi.Utah.Logging.LoggingTagConverter.RemoveInvalidTRefs&gt;.</Text>
  </Details>
  <Details ServiceId="80" MessageId="30" Timestamp="4/29/2020 8:22:20 AM" Debug="false">
    <Text>HmiConvert: Finished conversion step &lt;Siemens.Simatic.Hmi.Logging.Managers.Scan:Siemens.Simatic.Hmi.Utah.Logging.LoggingTagConverter.RemoveInvalidTRefs&gt;.</Text>
  </Details>
  <Details ServiceId="80" MessageId="30" Timestamp="4/29/2020 8:22:20 AM" Debug="false">
    <Text>HmiConvert: Starting conversion step &lt;Siemens.Simatic.Hmi.ScreenModules.Managers.Scan:Siemens.Simatic.Hmi.Utah.Modules.ScreenModules.PhaseConverter.RepairGroupBoundsTables&gt;.</Text>
  </Details>
  <Details ServiceId="80" MessageId="30" Timestamp="4/29/2020 8:22:20 AM" Debug="false">
    <Text>HmiConvert: Finished conversion step &lt;Siemens.Simatic.Hmi.ScreenModules.Managers.Scan:Siemens.Simatic.Hmi.Utah.Modules.ScreenModules.PhaseConverter.RepairGroupBoundsTables&gt;.</Text>
  </Details>
  <Details ServiceId="80" MessageId="30" Timestamp="4/29/2020 8:22:20 AM" Debug="false">
    <Text>HmiConvert: Starting conversion step &lt;Siemens.Simatic.Hmi.GraphX.GraphXManagers.Scan:Siemens.Simatic.Hmi.Utah.GraphX.ChainedListConverter.ConvertFixScreenChainedList&gt;.</Text>
  </Details>
  <Details ServiceId="80" MessageId="30" Timestamp="4/29/2020 8:22:20 AM" Debug="false">
    <Text>HmiConvert: Finished conversion step &lt;Siemens.Simatic.Hmi.GraphX.GraphXManagers.Scan:Siemens.Simatic.Hmi.Utah.GraphX.ChainedListConverter.ConvertFixScreenChainedList&gt;.</Text>
  </Details>
  <Details ServiceId="80" MessageId="30" Timestamp="4/29/2020 8:22:20 AM" Debug="false">
    <Text>HmiConvert: Starting conversion step &lt;Siemens.Simatic.Hmi.Globalization.Managers.Scan:Siemens.Simatic.Hmi.Utah.Globalization.TextRepairForConvert.TextsRepairInHmiBusinessLogicLevel&gt;.</Text>
  </Details>
  <Details ServiceId="80" MessageId="30" Timestamp="4/29/2020 8:22:22 AM" Debug="false">
    <Text>HmiConvert: Finished conversion step &lt;Siemens.Simatic.Hmi.Globalization.Managers.Scan:Siemens.Simatic.Hmi.Utah.Globalization.TextRepairForConvert.TextsRepairInHmiBusinessLogicLevel&gt;.</Text>
  </Details>
  <Details ServiceId="80" MessageId="30" Timestamp="4/29/2020 8:22:22 AM" Debug="false">
    <Text>HmiConvert: Starting conversion step &lt;Siemens.Simatic.Hmi.Globalization.Managers.Scan:Siemens.Simatic.Hmi.Utah.Globalization.FontConvert.RepairCrossEnvironmentLinksViaHmiBl&gt;.</Text>
  </Details>
  <Details ServiceId="80" MessageId="30" Timestamp="4/29/2020 8:22:22 AM" Debug="false">
    <Text>HmiConvert: Finished conversion step &lt;Siemens.Simatic.Hmi.Globalization.Managers.Scan:Siemens.Simatic.Hmi.Utah.Globalization.FontConvert.RepairCrossEnvironmentLinksViaHmiBl&gt;.</Text>
  </Details>
  <Details ServiceId="80" MessageId="30" Timestamp="4/29/2020 8:22:22 AM" Debug="false">
    <Text>HmiConvert: Starting conversion step &lt;Siemens.Simatic.Hmi.ScreenModules.Managers.Scan:Siemens.Simatic.Hmi.Utah.Modules.ScreenModules.PhaseConverterWithHmiBl.DeleteOrphanInterfaceConnections&gt;.</Text>
  </Details>
  <Details ServiceId="80" MessageId="30" Timestamp="4/29/2020 8:22:22 AM" Debug="false">
    <Text>HmiConvert: Finished conversion step &lt;Siemens.Simatic.Hmi.ScreenModules.Managers.Scan:Siemens.Simatic.Hmi.Utah.Modules.ScreenModules.PhaseConverterWithHmiBl.DeleteOrphanInterfaceConnections&gt;.</Text>
  </Details>
  <Details ServiceId="80" MessageId="30" Timestamp="4/29/2020 8:22:22 AM" Debug="false">
    <Text>HmiConvert: Starting conversion step &lt;Siemens.Simatic.Hmi.ScreenModules.Managers.Scan:Siemens.Simatic.Hmi.Utah.Modules.ScreenModules.PhaseConverterWithHmiBl.RepairInstanceKeyCache&gt;.</Text>
  </Details>
  <Details ServiceId="80" MessageId="30" Timestamp="4/29/2020 8:22:22 AM" Debug="false">
    <Text>HmiConvert: Finished conversion step &lt;Siemens.Simatic.Hmi.ScreenModules.Managers.Scan:Siemens.Simatic.Hmi.Utah.Modules.ScreenModules.PhaseConverterWithHmiBl.RepairInstanceKeyCache&gt;.</Text>
  </Details>
  <Details ServiceId="80" MessageId="30" Timestamp="4/29/2020 8:22:22 AM" Debug="false">
    <Text>HmiConvert: Starting conversion step &lt;Siemens.Simatic.Hmi.ScreenModules.Managers.Scan:Siemens.Simatic.Hmi.Utah.Modules.ScreenModules.PhaseConverterWithHmiBl.RepairInstanceHotKeys&gt;.</Text>
  </Details>
  <Details ServiceId="80" MessageId="30" Timestamp="4/29/2020 8:22:22 AM" Debug="false">
    <Text>HmiConvert: Finished conversion step &lt;Siemens.Simatic.Hmi.ScreenModules.Managers.Scan:Siemens.Simatic.Hmi.Utah.Modules.ScreenModules.PhaseConverterWithHmiBl.RepairInstanceHotKeys&gt;.</Text>
  </Details>
  <Details ServiceId="80" MessageId="30" Timestamp="4/29/2020 8:22:22 AM" Debug="false">
    <Text>HmiConvert: Starting conversion step &lt;Siemens.Simatic.Hmi.BL.ModernUI:Siemens.Simatic.Hmi.BL.ModernUI.Convert.ScreenItemPhaseConverter.ConvertDataSource&gt;.</Text>
  </Details>
  <Details ServiceId="80" MessageId="30" Timestamp="4/29/2020 8:22:22 AM" Debug="false">
    <Text>HmiConvert: Finished conversion step &lt;Siemens.Simatic.Hmi.BL.ModernUI:Siemens.Simatic.Hmi.BL.ModernUI.Convert.ScreenItemPhaseConverter.ConvertDataSource&gt;.</Text>
  </Details>
  <Details ServiceId="80" MessageId="30" Timestamp="4/29/2020 8:22:22 AM" Debug="false">
    <Text>HmiConvert is waiting for external dependency: Siemens.Simatic.Lang.SPLConvert</Text>
  </Details>
  <Details ServiceId="80" MessageId="30" Timestamp="4/29/2020 8:22:30 AM" Debug="false">
    <Text>Not invalidating fingerprints for protected object: TRCV[SFB151]</Text>
  </Details>
  <Details ServiceId="80" MessageId="30" Timestamp="4/29/2020 8:22:30 AM" Debug="false">
    <Text>Not invalidating fingerprints for protected object: R_STRG_SFC[SFC218]</Text>
  </Details>
  <Details ServiceId="80" MessageId="30" Timestamp="4/29/2020 8:22:30 AM" Debug="false">
    <Text>Not invalidating fingerprints for protected object: T_DISCON[SFB103]</Text>
  </Details>
  <Details ServiceId="80" MessageId="30" Timestamp="4/29/2020 8:22:30 AM" Debug="false">
    <Text>Not invalidating fingerprints for protected object: STRG_UI_SFC[SFC201]</Text>
  </Details>
  <Details ServiceId="80" MessageId="30" Timestamp="4/29/2020 8:22:30 AM" Debug="false">
    <Text>Not invalidating fingerprints for protected object: UI_STRG_SFC[SFC211]</Text>
  </Details>
  <Details ServiceId="80" MessageId="30" Timestamp="4/29/2020 8:22:30 AM" Debug="false">
    <Text>Not invalidating fingerprints for protected object: STRG_I_SFC[SFC205]</Text>
  </Details>
  <Details ServiceId="80" MessageId="30" Timestamp="4/29/2020 8:22:30 AM" Debug="false">
    <Text>Not invalidating fingerprints for protected object: DPRD_DAT_SFC[SFC14]</Text>
  </Details>
  <Details ServiceId="80" MessageId="30" Timestamp="4/29/2020 8:22:30 AM" Debug="false">
    <Text>Not invalidating fingerprints for protected object: RDREC_SFB[SFB52]</Text>
  </Details>
  <Details ServiceId="80" MessageId="30" Timestamp="4/29/2020 8:22:30 AM" Debug="false">
    <Text>Not invalidating fingerprints for protected object: TSEND[SFB150]</Text>
  </Details>
  <Details ServiceId="80" MessageId="30" Timestamp="4/29/2020 8:22:30 AM" Debug="false">
    <Text>Not invalidating fingerprints for protected object: Strg_TO_Chars_SFC[SFC221]</Text>
  </Details>
  <Details ServiceId="80" MessageId="30" Timestamp="4/29/2020 8:22:30 AM" Debug="false">
    <Text>Not invalidating fingerprints for protected object: DPWR_DAT_SFC[SFC15]</Text>
  </Details>
  <Details ServiceId="80" MessageId="30" Timestamp="4/29/2020 8:22:30 AM" Debug="false">
    <Text>Not invalidating fingerprints for protected object: TCON[SFB109]</Text>
  </Details>
  <Details ServiceId="80" MessageId="30" Timestamp="4/29/2020 8:22:30 AM" Debug="false">
    <Text>Not invalidating fingerprints for protected object: STRG_R_SFC[SFC208]</Text>
  </Details>
  <Details ServiceId="80" MessageId="30" Timestamp="4/29/2020 8:22:30 AM" Debug="false">
    <Text>Not invalidating fingerprints for protected object: Chars_TO_Strg_SFC[SFC222]</Text>
  </Details>
  <Details ServiceId="80" MessageId="30" Timestamp="4/29/2020 8:22:30 AM" Debug="false">
    <Text>Not invalidating fingerprints for protected object: USI_STRG_SFC[SFC210]</Text>
  </Details>
  <Details ServiceId="80" MessageId="30" Timestamp="4/29/2020 8:22:30 AM" Debug="false">
    <Text>Not invalidating fingerprints for protected object: I_STRG_SFC[SFC215]</Text>
  </Details>
  <Details ServiceId="80" MessageId="30" Timestamp="4/29/2020 8:22:38 AM" Debug="false">
    <Text>HmiConvert: Started conversion section.</Text>
  </Details>
  <Details ServiceId="80" MessageId="30" Timestamp="4/29/2020 8:22:38 AM" Debug="false">
    <Text>HmiConvert: Starting conversion step &lt;Siemens.Simatic.Hmi.Tag.Managers.Scan:Siemens.Simatic.Hmi.Utah.Tag.RootTagConvertSynchronization.ResynchronizeRootTag&gt;.</Text>
  </Details>
  <Details ServiceId="80" MessageId="30" Timestamp="4/29/2020 8:22:40 AM" Debug="false">
    <Text>HmiConvert: Finished conversion step &lt;Siemens.Simatic.Hmi.Tag.Managers.Scan:Siemens.Simatic.Hmi.Utah.Tag.RootTagConvertSynchronization.ResynchronizeRootTag&gt;.</Text>
  </Details>
  <Details ServiceId="80" MessageId="30" Timestamp="4/29/2020 8:22:40 AM" Debug="false">
    <Text>HmiConvert: Starting conversion step &lt;Siemens.Simatic.Hmi.Alarm.Managers.Scan:Siemens.Simatic.Hmi.Utah.Alarm.AlarmDataConverterWithHmiBl.ConvertIntegratedAlarmClasses&gt;.</Text>
  </Details>
  <Details ServiceId="80" MessageId="30" Timestamp="4/29/2020 8:22:40 AM" Debug="false">
    <Text>HmiConvert: Finished conversion step &lt;Siemens.Simatic.Hmi.Alarm.Managers.Scan:Siemens.Simatic.Hmi.Utah.Alarm.AlarmDataConverterWithHmiBl.ConvertIntegratedAlarmClasses&gt;.</Text>
  </Details>
  <Details ServiceId="80" MessageId="30" Timestamp="4/29/2020 8:22:40 AM" Debug="false">
    <Text>HmiConvert: Finished conversion section.</Text>
  </Details>
  <MessageCell ServiceId="80" MessageId="30" MessageClass="Information" Timestamp="4/29/2020 8:22:42 AM">
    <Number ServiceNumber="80" MessageNumber="30" />
    <Text FeedbackText="The cross-reference information is being converted." />
    <Help HelpId="-1" />
  </MessageCell>
  <MessageCell ServiceId="80" MessageId="30" MessageClass="Information" Timestamp="4/29/2020 8:22:43 AM">
    <Number ServiceNumber="80" MessageNumber="30" />
    <Text FeedbackText="The cross-reference information was created successfully." />
    <Help HelpId="-1" />
  </MessageCell>
  <MessageCell ServiceId="80" MessageId="30" MessageClass="Information" Timestamp="4/29/2020 8:22:43 AM">
    <Number ServiceNumber="80" MessageNumber="30" />
    <Text FeedbackText="Conversion of the cross-reference information is finished." />
    <Help HelpId="-1" />
  </MessageCell>
  <Details ServiceId="80" MessageId="30" Timestamp="4/29/2020 8:22:45 AM" Debug="false">
    <Text>Package container 'Siemens.Simatic.Sivarc.V15' was deleted</Text>
  </Details>
  <Details ServiceId="80" MessageId="30" Timestamp="4/29/2020 8:22:45 AM" Debug="false">
    <Text>Package container 'Siemens.Simatic.Lang.S7BSW.V15.0.0.0.NonMandatory' was deleted</Text>
  </Details>
  <Details ServiceId="80" MessageId="30" Timestamp="4/29/2020 8:22:45 AM" Debug="false">
    <Text>Package container 'HW.HMI.HmiRt.PC_Device_1.0_13.0.10' was deleted</Text>
  </Details>
  <Details ServiceId="80" MessageId="30" Timestamp="4/29/2020 8:22:45 AM" Debug="false">
    <Text>Product version 'Siemens.Simatic.Hmi.Advanced:14.00.00.00' was deleted</Text>
  </Details>
  <MessageCell ServiceId="Automation-ObjectFrame-Feedbacks" MessageId="ConversionInfoTabProjectSucceeded" MessageClass="Success" Timestamp="4/29/2020 8:22:46 AM">
    <Number ServiceNumber="80" MessageNumber="34" />
    <Text FeedbackText="Project 'D:\bk_git\N18-3106\aplicator_vystavek\N17-3161_V15\System\PEData.plf' was successfully upgraded and saved as project 'D:\bk_git\N18-3106\aplicator_vystavek\N17-3161_V15_V15.1\System\PEData.plf'." />
    <Help HelpId="-1" HelpFile="" />
  </MessageCell>
</LogFile>